{"total_games": 157639, "train_loss": 2.4568053609610367, "val_loss": 2.5359693689081952, "training_time_min": 240.0}